<?xml version="1.0" encoding="UTF-8"?>
<project-private xmlns="http://www.netbeans.org/ns/project-private/1">
    <editor-bookmarks xmlns="http://www.netbeans.org/ns/editor-bookmarks/2" lastBookmarkId="0"/>
    <open-files xmlns="http://www.netbeans.org/ns/projectui-open-files/2">
        <group>
            <file>file:/C:/xampp/htdocs/medilearn/teacher/module/profile/index.php</file>
            <file>file:/C:/xampp/htdocs/medilearn/student/simpan_materijawab.php</file>
            <file>file:/C:/xampp/htdocs/medilearn/index.php</file>
            <file>file:/C:/xampp/htdocs/medilearn/teacher3/module/belajar/edit-materi.php</file>
            <file>file:/C:/xampp/htdocs/medilearn/student/module/belajar/materi-info.php</file>
            <file>file:/C:/xampp/htdocs/medilearn/teacher/module/tugas/tambah-tugas.php</file>
            <file>file:/C:/xampp/htdocs/medilearn/student/module/tugas/tugas-guru2.php</file>
            <file>file:/C:/xampp/htdocs/medilearn/teacher/module/belajar/edit-materi.php</file>
            <file>file:/C:/xampp/htdocs/medilearn/student/module/tugas/tugas.php</file>
            <file>file:/C:/xampp/htdocs/medilearn/teacher3/module/belajar/tambah-materi.php</file>
            <file>file:/C:/xampp/htdocs/medilearn/teacher/module/datasiswa/edit-siswa.php</file>
            <file>file:/C:/xampp/htdocs/medilearn/student/module/belajar/tambah-materi.php</file>
            <file>file:/C:/xampp/htdocs/medilearn/teacher3/simpan_tugas.php</file>
            <file>file:/C:/xampp/htdocs/medilearn/student/module/tugas/tugas-guru3.php</file>
            <file>file:/C:/xampp/htdocs/medilearn/teacher/index.php</file>
            <file>file:/C:/xampp/htdocs/medilearn/teacher/module/datasiswa/ubah-password.php</file>
            <file>file:/C:/xampp/htdocs/medilearn/teacher3/simpan_materi.php</file>
            <file>file:/C:/xampp/htdocs/medilearn/teacher/module/belajar/belajar.php</file>
            <file>file:/C:/xampp/htdocs/medilearn/teacher3/module/dashboard/dashboard.php</file>
            <file>file:/C:/xampp/htdocs/medilearn/register-process.php</file>
            <file>file:/C:/xampp/htdocs/medilearn/teacher/edit_siswa.php</file>
            <file>file:/C:/xampp/htdocs/medilearn/teacher/module/belajar/tambah-materi.php</file>
            <file>file:/C:/xampp/htdocs/medilearn/teacher/simpan_siswa.php</file>
            <file>file:/C:/xampp/htdocs/medilearn/logout.php</file>
            <file>file:/C:/xampp/htdocs/medilearn/teacher/edit_password.php</file>
            <file>file:/C:/xampp/htdocs/medilearn/teacher/module/dashboard/dashboard.php</file>
            <file>file:/C:/xampp/htdocs/medilearn/teacher/module/datasiswa/data-siswa.php</file>
            <file>file:/C:/xampp/htdocs/medilearn/student/module/diskusi/diskusi.php</file>
            <file>file:/C:/xampp/htdocs/medilearn/teacher3/edit_materi.php</file>
            <file>file:/C:/xampp/htdocs/medilearn/teacher/edit_materi.php</file>
            <file>file:/C:/xampp/htdocs/medilearn/teacher/hapus_tugas.php</file>
            <file>file:/C:/xampp/htdocs/medilearn/student/index.php</file>
            <file>file:/C:/xampp/htdocs/medilearn/teacher/edit_profile.php</file>
            <file>file:/C:/xampp/htdocs/medilearn/teacher/module/tugas/edit-tugas.php</file>
            <file>file:/C:/xampp/htdocs/medilearn/student/module/tugas/tugas-guru3-1.php</file>
            <file>file:/C:/xampp/htdocs/medilearn/teacher/module/profile/profile.php</file>
            <file>file:/C:/xampp/htdocs/medilearn/teacher/hapus_materi.php</file>
            <file>file:/C:/xampp/htdocs/medilearn/teacher/content.php</file>
            <file>file:/C:/xampp/htdocs/medilearn/student/module/tugas/tugas_1.php</file>
            <file>file:/C:/xampp/htdocs/medilearn/student/module/dashboard/dashboard.php</file>
            <file>file:/C:/xampp/htdocs/medilearn/teacher/hapus_siswa.php</file>
            <file>file:/C:/xampp/htdocs/medilearn/teacher/edit_password_siswa.php</file>
            <file>file:/C:/xampp/htdocs/medilearn/teacher/module/setting/index.php</file>
            <file>file:/C:/xampp/htdocs/medilearn/teacher/module/datasiswa/tambah-siswa.php</file>
            <file>file:/C:/xampp/htdocs/medilearn/student/module/belajar/guru1.php</file>
            <file>file:/C:/xampp/htdocs/medilearn/css/chat-style.css</file>
            <file>file:/C:/xampp/htdocs/medilearn/student/module/belajar/belajar.php</file>
            <file>file:/C:/xampp/htdocs/medilearn/teacher/access.php</file>
            <file>file:/C:/xampp/htdocs/medilearn/teacher/simpan_materi.php</file>
            <file>file:/C:/xampp/htdocs/medilearn/teacher/module/diskusi/diskusi.php</file>
            <file>file:/C:/xampp/htdocs/medilearn/student/content.php</file>
            <file>file:/C:/xampp/htdocs/medilearn/login-check.php</file>
            <file>file:/C:/xampp/htdocs/medilearn/teacher/module/tugas/tugas.php</file>
            <file>file:/C:/xampp/htdocs/medilearn/student/module/belajar/guru2.php</file>
            <file>file:/C:/xampp/htdocs/medilearn/student/access.php</file>
            <file>file:/C:/xampp/htdocs/medilearn/config/connection.php</file>
            <file>file:/C:/xampp/htdocs/medilearn/teacher/module/tugas/edit-tugas2.php</file>
            <file>file:/C:/xampp/htdocs/medilearn/teacher3/access.php</file>
            <file>file:/C:/xampp/htdocs/medilearn/student/module/tugas/tambah-materi.php</file>
            <file>file:/C:/xampp/htdocs/medilearn/teacher3/module/belajar/belajar.php</file>
            <file>file:/C:/xampp/htdocs/medilearn/student/module/belajar/guru3-1.php</file>
            <file>file:/C:/xampp/htdocs/medilearn/teacher/module/dashboard/index.php</file>
            <file>file:/C:/xampp/htdocs/medilearn/teacher/simpan_tugas.php</file>
            <file>file:/C:/xampp/htdocs/medilearn/student/download.php</file>
            <file>file:/C:/xampp/htdocs/medilearn/teacher/module/profile/edit-profile.php</file>
            <file>file:/C:/xampp/htdocs/medilearn/teacher/module/tugas/tugas_1.php</file>
            <file>file:/C:/xampp/htdocs/medilearn/teacher/simpan_chat.php</file>
            <file>file:/C:/xampp/htdocs/medilearn/teacher/module/setting/setting.php</file>
            <file>file:/C:/xampp/htdocs/medilearn/student/module/tugas/tugas-guru1.php</file>
            <file>file:/C:/xampp/htdocs/medilearn/student/module/belajar/guru3.php</file>
            <file>file:/C:/xampp/htdocs/medilearn/student/simpan_chat.php</file>
        </group>
    </open-files>
</project-private>
